Wall time,Step,Value
1615107956.1142867,100,0.019337248057127
1615108126.5402403,200,0.015927650034427643
1615108297.6223009,300,0.014260639436542988
1615108466.2091353,400,0.014018453657627106
1615108637.734158,500,0.014406347647309303
1615108812.1024952,600,0.013745645061135292
1615108978.6955304,700,0.013697494752705097
1615109149.5818055,800,0.013044927269220352
1615109318.8084836,900,0.013123312965035439
1615109496.4101737,1000,0.013519356958568096
